Country,Image,Population
Afghanistan,https://www.worldatlas.com/r/w236/img/flag/af-flag.jpg,33332025.0
Albania,https://www.worldatlas.com/r/w236/img/flag/al-flag.jpg,3038594.0
Algeria,https://www.worldatlas.com/r/w236/img/flag/dz-flag.jpg,40263711.0
Andorra,https://www.worldatlas.com/r/w236/img/flag/ad-flag.jpg,85660.0
Angola,https://www.worldatlas.com/r/w236/img/flag/ao-flag.jpg,25789024.0
Antigua and Barbuda,https://www.worldatlas.com/r/w236/img/flag/ag-flag.jpg,93581.0
Argentina,https://www.worldatlas.com/r/w236/img/flag/ar-flag.jpg,43886748.0
Armenia,https://www.worldatlas.com/r/w236/img/flag/am-flag.jpg,3051250.0
Australia,https://www.worldatlas.com/r/w236/img/flag/au-flag.jpg,22992654.0
Austria,https://www.worldatlas.com/r/w236/img/flag/at-flag.jpg,8711770.0
Azerbaijan,https://www.worldatlas.com/r/w236/img/flag/az-flag.jpg,9872765.0
Bahamas,https://www.worldatlas.com/r/w236/img/flag/bs-flag.jpg,327316.0
Bahrain,https://www.worldatlas.com/r/w236/img/flag/bh-flag.jpg,1378904.0
Bangladesh,https://www.worldatlas.com/r/w236/img/flag/bd-flag.jpg,156186882.0
Barbados,https://www.worldatlas.com/r/w236/img/flag/bb-flag.jpg,291495.0
Belarus,https://www.worldatlas.com/r/w236/img/flag/by-flag.jpg,9570376.0
Belgium,https://www.worldatlas.com/r/w236/img/flag/be-flag.jpg,11409077.0
Belize,https://www.worldatlas.com/r/w236/img/flag/bz-flag.jpg,353858.0
Benin,https://www.worldatlas.com/r/w236/img/flag/bj-flag.jpg,10741458.0
Bhutan,https://www.worldatlas.com/r/w236/img/flag/bt-flag.jpg,750125.0
Bolivia,https://www.worldatlas.com/r/w236/img/flag/bo-flag.jpg,10969649.0
Bosnia and Herzegovina,https://www.worldatlas.com/r/w236/img/flag/ba-flag.jpg,3861912.0
Botswana,https://www.worldatlas.com/r/w236/img/flag/bw-flag.jpg,2209208.0
Brazil,https://www.worldatlas.com/r/w236/img/flag/br-flag.jpg,205823665.0
Brunei,https://www.worldatlas.com/r/w236/img/flag/bn-flag.jpg,436620.0
Bulgaria,https://www.worldatlas.com/r/w236/img/flag/bg-flag.jpg,7144653.0
Burkina Faso,https://www.worldatlas.com/r/w236/img/flag/bf-flag.jpg,19512533.0
Burundi,https://www.worldatlas.com/r/w236/img/flag/bi-flag.jpg,11099298.0
Cambodia,https://www.worldatlas.com/r/w236/img/flag/kh-flag.jpg,15957223.0
Cameroon,https://www.worldatlas.com/r/w236/img/flag/cm-flag.jpg,24360803.0
Canada,https://www.worldatlas.com/r/w236/img/flag/ca-flag.jpg,35362905.0
Cape Verde,https://www.worldatlas.com/r/w236/img/flag/cv-flag.jpg,553432.0
Central African Republic,https://www.worldatlas.com/r/w236/img/flag/cf-flag.jpg,5507257.0
Chad,https://www.worldatlas.com/r/w236/img/flag/td-flag.jpg,11852462.0
Chile,https://www.worldatlas.com/r/w236/img/flag/cl-flag.jpg,17650114.0
China,https://www.worldatlas.com/r/w236/img/flag/cn-flag.jpg,1373541278.0
Colombia,https://www.worldatlas.com/r/w236/img/flag/co-flag.jpg,47220856.0
Comoros,https://www.worldatlas.com/r/w236/img/flag/km-flag.jpg,794678.0
Republic of the Congo,https://www.worldatlas.com/r/w236/img/flag/cg-flag.jpg,4852412.0
Costa Rica,https://www.worldatlas.com/r/w236/img/flag/cr-flag.jpg,4872543.0
Ivory Coast,https://www.worldatlas.com/r/w236/img/flag/ci-flag.jpg,23740424.0
Croatia,https://www.worldatlas.com/r/w236/img/flag/hr-flag.jpg,4313707.0
Cuba,https://www.worldatlas.com/r/w236/img/flag/cu-flag.jpg,11179995.0
Cyprus,https://www.worldatlas.com/r/w236/img/flag/cy-flag.jpg,1205575.0
Czech Republic,https://www.worldatlas.com/r/w236/img/flag/cz-flag.jpg,10644842.0
Democratic Republic of the Congo,https://www.worldatlas.com/r/w236/img/flag/cd-flag.jpg,81331050.0
Denmark,https://www.worldatlas.com/r/w236/img/flag/dk-flag.jpg,5593785.0
Djibouti,https://www.worldatlas.com/r/w236/img/flag/dj-flag.jpg,846687.0
Dominica,https://www.worldatlas.com/r/w236/img/flag/dm-flag.jpg,73757.0
Dominican Republic,https://www.worldatlas.com/r/w236/img/flag/do-flag.jpg,10606865.0
Ecuador,https://www.worldatlas.com/r/w236/img/flag/ec-flag.jpg,16080778.0
Egypt,https://www.worldatlas.com/r/w236/img/flag/eg-flag.jpg,94666993.0
El Salvador,https://www.worldatlas.com/r/w236/img/flag/sv-flag.jpg,6156670.0
Equatorial Guinea,https://www.worldatlas.com/r/w236/img/flag/gq-flag.jpg,759451.0
Eritrea,https://www.worldatlas.com/r/w236/img/flag/er-flag.jpg,5869869.0
Estonia,https://www.worldatlas.com/r/w236/img/flag/ee-flag.jpg,1258545.0
Eswatini,https://www.worldatlas.com/r/w236/img/flag/sz-flag.jpg,1451428.0
Ethiopia,https://www.worldatlas.com/r/w236/img/flag/et-flag.jpg,102374044.0
Fiji,https://www.worldatlas.com/r/w236/img/flag/fj-flag.jpg,915303.0
Finland,https://www.worldatlas.com/r/w236/img/flag/fi-flag.jpg,5498211.0
France,https://www.worldatlas.com/r/w236/img/flag/fr-flag.jpg,66836154.0
Gabon,https://www.worldatlas.com/r/w236/img/flag/ga-flag.jpg,1738541.0
Gambia,https://www.worldatlas.com/r/w236/img/flag/gm-flag.jpg,2009648.0
Georgia,https://www.worldatlas.com/r/w236/img/flag/ge-flag.jpg,4928052.0
Germany,https://www.worldatlas.com/r/w236/img/flag/de-flag.jpg,80722792.0
Ghana,https://www.worldatlas.com/r/w236/img/flag/gh-flag.jpg,26908262.0
Greece,https://www.worldatlas.com/r/w236/img/flag/gr-flag.jpg,10773253.0
Grenada,https://www.worldatlas.com/r/w236/img/flag/gd-flag.jpg,111219.0
Guatemala,https://www.worldatlas.com/r/w236/img/flag/gt-flag.jpg,15189958.0
Guinea,https://www.worldatlas.com/r/w236/img/flag/gn-flag.jpg,12093349.0
Guinea-Bissau,https://www.worldatlas.com/r/w236/img/flag/gw-flag.jpg,1759159.0
Guyana,https://www.worldatlas.com/r/w236/img/flag/gy-flag.jpg,735909.0
Haiti,https://www.worldatlas.com/r/w236/img/flag/ht-flag.jpg,10485800.0
Honduras,https://www.worldatlas.com/r/w236/img/flag/hn-flag.jpg,8893259.0
Hungary,https://www.worldatlas.com/r/w236/img/flag/hu-flag.jpg,9874784.0
Iceland,https://www.worldatlas.com/r/w236/img/flag/is-flag.jpg,335878.0
India,https://www.worldatlas.com/r/w236/img/flag/in-flag.jpg,1266883598.0
Indonesia,https://www.worldatlas.com/r/w236/img/flag/id-flag.jpg,258316051.0
Iran,https://www.worldatlas.com/r/w236/img/flag/ir-flag.jpg,82801633.0
Iraq,https://www.worldatlas.com/r/w236/img/flag/iq-flag.jpg,38146025.0
Ireland,https://www.worldatlas.com/r/w236/img/flag/ie-flag.jpg,4952473.0
Israel,https://www.worldatlas.com/r/w236/img/flag/il-flag.jpg,8174527.0
Italy,https://www.worldatlas.com/r/w236/img/flag/it-flag.jpg,62007540.0
Jamaica,https://www.worldatlas.com/r/w236/img/flag/jm-flag.jpg,2970340.0
Japan,https://www.worldatlas.com/r/w236/img/flag/jp-flag.jpg,126702133.0
Jordan,https://www.worldatlas.com/r/w236/img/flag/jo-flag.jpg,8185384.0
Kazakhstan,https://www.worldatlas.com/r/w236/img/flag/kz-flag.jpg,18360353.0
Kenya,https://www.worldatlas.com/r/w236/img/flag/ke-flag.jpg,46790758.0
Kiribati,https://www.worldatlas.com/r/w236/img/flag/ki-flag.jpg,106925.0
Kuwait,https://www.worldatlas.com/r/w236/img/flag/kw-flag.jpg,2832776.0
Kyrgyzstan,https://www.worldatlas.com/r/w236/img/flag/kg-flag.jpg,5727553.0
Laos,https://www.worldatlas.com/r/w236/img/flag/la-flag.jpg,7019073.0
Latvia,https://www.worldatlas.com/r/w236/img/flag/lv-flag.jpg,1965686.0
Lebanon,https://www.worldatlas.com/r/w236/img/flag/lb-flag.jpg,6237738.0
Lesotho,https://www.worldatlas.com/r/w236/img/flag/ls-flag.jpg,1953070.0
Liberia,https://www.worldatlas.com/r/w236/img/flag/lr-flag.jpg,4299944.0
Libya,https://www.worldatlas.com/r/w236/img/flag/ly-flag.jpg,6541948.0
Liechtenstein,https://www.worldatlas.com/r/w236/img/flag/li-flag.jpg,37937.0
Lithuania,https://www.worldatlas.com/r/w236/img/flag/lt-flag.jpg,2854235.0
Luxembourg,https://www.worldatlas.com/r/w236/img/flag/lu-flag.jpg,582291.0
Macedonia,https://www.worldatlas.com/r/w236/img/flag/mk-flag.jpg,2100025.0
Madagascar,https://www.worldatlas.com/r/w236/img/flag/mg-flag.jpg,24430325.0
Malawi,https://www.worldatlas.com/r/w236/img/flag/mw-flag.jpg,18570321.0
Malaysia,https://www.worldatlas.com/r/w236/img/flag/my-flag.jpg,30949962.0
Maldives,https://www.worldatlas.com/r/w236/img/flag/mv-flag.jpg,392960.0
Mali,https://www.worldatlas.com/r/w236/img/flag/ml-flag.jpg,17467108.0
Malta,https://www.worldatlas.com/r/w236/img/flag/mt-flag.jpg,415196.0
Marshall Islands,https://www.worldatlas.com/r/w236/img/flag/mh-flag.jpg,73376.0
Mauritania,https://www.worldatlas.com/r/w236/img/flag/mr-flag.jpg,3677293.0
Mauritius,https://www.worldatlas.com/r/w236/img/flag/mu-flag.jpg,1348242.0
Mexico,https://www.worldatlas.com/r/w236/img/flag/mx-flag.jpg,123166749.0
Micronesia,https://www.worldatlas.com/r/w236/img/flag/fm-flag.jpg,104719.0
Moldova,https://www.worldatlas.com/r/w236/img/flag/md-flag.jpg,3510485.0
Monaco,https://www.worldatlas.com/r/w236/img/flag/mc-flag.jpg,30581.0
Mongolia,https://www.worldatlas.com/r/w236/img/flag/mn-flag.jpg,3031330.0
Montenegro,https://www.worldatlas.com/r/w236/img/flag/me-flag.jpg,644578.0
Morocco,https://www.worldatlas.com/r/w236/img/flag/ma-flag.jpg,33655786.0
Mozambique,https://www.worldatlas.com/r/w236/img/flag/mz-flag.jpg,25930150.0
Myanmar,https://www.worldatlas.com/r/w236/img/flag/mm-flag.jpg,56890418.0
Namibia,https://www.worldatlas.com/r/w236/img/flag/na-flag.jpg,2436469.0
Nauru,https://www.worldatlas.com/r/w236/img/flag/nr-flag.jpg,9591.0
Nepal,https://www.worldatlas.com/r/w236/img/flag/np-flag.jpg,29033914.0
Netherlands,https://www.worldatlas.com/r/w236/img/flag/nl-flag.jpg,17016967.0
New Zealand,https://www.worldatlas.com/r/w236/img/flag/nz-flag.jpg,4474549.0
Nicaragua,https://www.worldatlas.com/r/w236/img/flag/ni-flag.jpg,5966798.0
Niger,https://www.worldatlas.com/r/w236/img/flag/ne-flag.jpg,18638600.0
Nigeria,https://www.worldatlas.com/r/w236/img/flag/ng-flag.jpg,186053386.0
North Korea,https://www.worldatlas.com/r/w236/img/flag/kp-flag.jpg,25115311.0
Norway,https://www.worldatlas.com/r/w236/img/flag/no-flag.jpg,5265158.0
Oman,https://www.worldatlas.com/r/w236/img/flag/om-flag.jpg,3355262.0
Pakistan,https://www.worldatlas.com/r/w236/img/flag/pk-flag.jpg,201995540.0
Palau,https://www.worldatlas.com/r/w236/img/flag/pw-flag.jpg,21347.0
Panama,https://www.worldatlas.com/r/w236/img/flag/pa-flag.jpg,3705246.0
Papua New Guinea,https://www.worldatlas.com/r/w236/img/flag/pg-flag.jpg,6791317.0
Paraguay,https://www.worldatlas.com/r/w236/img/flag/py-flag.jpg,6862812.0
Peru,https://www.worldatlas.com/r/w236/img/flag/pe-flag.jpg,30741062.0
Philippines,https://www.worldatlas.com/r/w236/img/flag/ph-flag.jpg,102624209.0
Poland,https://www.worldatlas.com/r/w236/img/flag/pl-flag.jpg,38523261.0
Portugal,https://www.worldatlas.com/r/w236/img/flag/pt-flag.jpg,10833816.0
Qatar,https://www.worldatlas.com/r/w236/img/flag/qa-flag.jpg,2258283.0
Romania,https://www.worldatlas.com/r/w236/img/flag/ro-flag.jpg,21599736.0
Russia,https://www.worldatlas.com/r/w236/img/flag/ru-flag.jpg,142355415.0
Rwanda,https://www.worldatlas.com/r/w236/img/flag/rw-flag.jpg,12988423.0
Saint Kitts and Nevis,https://www.worldatlas.com/r/w236/img/flag/kn-flag.jpg,52329.0
Saint Lucia,https://www.worldatlas.com/r/w236/img/flag/lc-flag.jpg,164464.0
Samoa,https://www.worldatlas.com/r/w236/img/flag/ws-flag.jpg,198926.0
San Marino,https://www.worldatlas.com/r/w236/img/flag/sm-flag.jpg,33285.0
Sao Tome and Principe,https://www.worldatlas.com/r/w236/img/flag/st-flag.jpg,197541.0
Saudi Arabia,https://www.worldatlas.com/r/w236/img/flag/sa-flag.jpg,28160273.0
Senegal,https://www.worldatlas.com/r/w236/img/flag/sn-flag.jpg,14320055.0
Serbia,https://www.worldatlas.com/r/w236/img/flag/rs-flag.jpg,7143921.0
Seychelles,https://www.worldatlas.com/r/w236/img/flag/sc-flag.jpg,93186.0
Sierra Leone,https://www.worldatlas.com/r/w236/img/flag/sl-flag.jpg,6018888.0
Singapore,https://www.worldatlas.com/r/w236/img/flag/sg-flag.jpg,5781728.0
Slovakia,https://www.worldatlas.com/r/w236/img/flag/sk-flag.jpg,5445802.0
Slovenia,https://www.worldatlas.com/r/w236/img/flag/si-flag.jpg,1978029.0
Solomon Islands,https://www.worldatlas.com/r/w236/img/flag/sb-flag.jpg,635027.0
Somalia,https://www.worldatlas.com/r/w236/img/flag/so-flag.jpg,10817354.0
South Africa,https://www.worldatlas.com/r/w236/img/flag/za-flag.jpg,54300704.0
South Korea,https://www.worldatlas.com/r/w236/img/flag/kr-flag.jpg,50924172.0
South Sudan,https://www.worldatlas.com/r/w236/img/flag/ss-flag.jpg,12530717.0
Spain,https://www.worldatlas.com/r/w236/img/flag/es-flag.jpg,48563476.0
Sri Lanka,https://www.worldatlas.com/r/w236/img/flag/lk-flag.jpg,21203000.0
Saint Vincent and the Grenadines,https://www.worldatlas.com/r/w236/img/flag/vc-flag.jpg,102350.0
Sudan,https://www.worldatlas.com/r/w236/img/flag/sd-flag.jpg,36729501.0
Suriname,https://www.worldatlas.com/r/w236/img/flag/sr-flag.jpg,585824.0
Sweden,https://www.worldatlas.com/r/w236/img/flag/se-flag.jpg,9880604.0
Switzerland,https://www.worldatlas.com/r/w236/img/flag/ch-flag.png,8179294.0
Syria,https://www.worldatlas.com/r/w236/img/flag/sy-flag.jpg,17185170.0
Tajikistan,https://www.worldatlas.com/r/w236/img/flag/tj-flag.jpg,8330946.0
Tanzania,https://www.worldatlas.com/r/w236/img/flag/tz-flag.jpg,52482726.0
Thailand,https://www.worldatlas.com/r/w236/img/flag/th-flag.jpg,68200824.0
East Timor,https://www.worldatlas.com/r/w236/img/flag/tl-flag.jpg,1261072.0
Togo,https://www.worldatlas.com/r/w236/img/flag/tg-flag.jpg,7756937.0
Tonga,https://www.worldatlas.com/r/w236/img/flag/to-flag.jpg,106513.0
Trinidad and Tobago,https://www.worldatlas.com/r/w236/img/flag/tt-flag.jpg,1220479.0
Tunisia,https://www.worldatlas.com/r/w236/img/flag/tn-flag.jpg,11134588.0
Turkey,https://www.worldatlas.com/r/w236/img/flag/tr-flag.jpg,80274604.0
Turkmenistan,https://www.worldatlas.com/r/w236/img/flag/tm-flag.jpg,5291317.0
Tuvalu,https://www.worldatlas.com/r/w236/img/flag/tv-flag.jpg,10959.0
Uganda,https://www.worldatlas.com/r/w236/img/flag/ug-flag.jpg,38319241.0
Ukraine,https://www.worldatlas.com/r/w236/img/flag/ua-flag.jpg,44209733.0
United Arab Emirates,https://www.worldatlas.com/r/w236/upload/f4/a6/ab/uae-flag.png,5927482.0
United Kingdom,https://www.worldatlas.com/r/w236/img/flag/uk-flag.jpg,64430428.0
United States,https://www.worldatlas.com/r/w236/img/flag/us-flag.jpg,323995528.0
Uruguay,https://www.worldatlas.com/r/w236/img/flag/uy-flag.jpg,3351016.0
Uzbekistan,https://www.worldatlas.com/r/w236/img/flag/uz-flag.jpg,29473614.0
Vanuatu,https://www.worldatlas.com/r/w236/img/flag/vu-flag.jpg,277554.0
Venezuela,https://www.worldatlas.com/r/w236/img/flag/ve-flag.jpg,30912302.0
Vietnam,https://www.worldatlas.com/r/w236/img/flag/vn-flag.jpg,95261021.0
Yemen,https://www.worldatlas.com/r/w236/img/flag/ye-flag.jpg,27392779.0
Zambia,https://www.worldatlas.com/r/w236/img/flag/zm-flag.jpg,15510711.0
Zimbabwe,https://www.worldatlas.com/r/w236/img/flag/zw-flag.jpg,14546961.0
Palestine,https://www.worldatlas.com/r/w236/img/flag/ps-flag.jpg,4550368.0
Vatican,https://www.worldatlas.com/r/w236/img/flag/va-flag.jpg,1000.0
American Samoa,https://www.worldatlas.com/r/w236/img/flag/as-flag.jpg,54194.0
Anguilla,https://www.worldatlas.com/r/w236/img/flag/ai-flag.jpg,16752.0
Aruba,https://www.worldatlas.com/r/w236/img/flag/aw-flag.jpg,113648.0
Bermuda,https://www.worldatlas.com/r/w236/img/flag/bm-flag.jpg,70537.0
British Virgin Islands,https://www.worldatlas.com/r/w236/img/flag/vg-flag.jpg,34232.0
Cayman Islands,https://www.worldatlas.com/r/w236/img/flag/ky-flag.jpg,57268.0
Cook Islands,https://www.worldatlas.com/r/w236/img/flag/ck-flag.jpg,9556.0
Falkland Islands,https://www.worldatlas.com/r/w236/img/flag/fk-flag.jpg,2931.0
French Guiana,https://www.worldatlas.com/r/w236/img/flag/gf-flag.jpg,
French Polynesia,https://www.worldatlas.com/r/w236/img/flag/pf-flag.jpg,285321.0
Gibraltar,https://www.worldatlas.com/r/w236/img/flag/gi-flag.jpg,29328.0
Greenland,https://www.worldatlas.com/r/w236/img/flag/gl-flag.jpg,57728.0
Guadeloupe,https://www.worldatlas.com/r/w236/upload/21/fd/63/1280px-flag-of-france-svg-1.png,
Guam,https://www.worldatlas.com/r/w236/img/flag/gu-flag.jpg,162742.0
Hong Kong,https://www.worldatlas.com/r/w236/img/flag/hk-flag.jpg,7167403.0
Macao,https://www.worldatlas.com/r/w236/img/flag/mo-flag.jpg,597425.0
Montserrat,https://www.worldatlas.com/r/w236/img/flag/ms-flag.jpg,5267.0
New Caledonia,https://www.worldatlas.com/r/w236/img/flag/nc-flag.jpg,275355.0
Niue,https://www.worldatlas.com/r/w236/img/flag/nu-flag.jpg,1190.0
Norfolk Island,https://www.worldatlas.com/r/w236/img/flag/nf-flag.jpg,2210.0
Northern Mariana Islands,https://www.worldatlas.com/r/w236/img/flag/mp-flag.jpg,53467.0
Pitcairn,https://www.worldatlas.com/r/w236/img/flag/pn-flag.jpg,54.0
Puerto Rico,https://www.worldatlas.com/r/w236/img/flag/pr-flag.jpg,3578056.0
Reunion,https://www.worldatlas.com/r/w236/upload/24/2f/ed/1280px-proposed-flag-of-re-union-var-svg.png,
Taiwan,https://www.worldatlas.com/r/w236/img/flag/tw-flag.jpg,23464787.0
Tokelau,https://www.worldatlas.com/r/w236/img/flag/tk-flag.jpg,1285.0
Turks and Caicos Islands,https://www.worldatlas.com/r/w236/img/flag/tc-flag.jpg,51430.0
U.S. Virgin Islands,https://www.worldatlas.com/r/w236/img/flag/vi-flag.jpg,102951.0
Wallis and Futuna,https://www.worldatlas.com/r/w236/img/flag/wf-flag.jpg,15664.0
Western Sahara,https://www.worldatlas.com/r/w236/img/flag/eh-flag.jpg,587020.0
